label_date,idx_a,ref_id,idx_ref,tail_label,raw_dtw_norm,dtdw_norm,emb_dtw_norm,emb_cam_dtw_norm
2024-09-23,0,0,44,0,1.6075860714090282,2.047423777036499,0.7814345676967571,0.9133496713805086
2024-09-24,1,0,44,0,1.5313791735418911,1.8834941343166367,0.6927415683147221,0.8396102809563282
2024-09-25,2,0,44,0,1.5211108878806785,1.7351490327996304,0.6087704033562611,0.7050162355207514
2024-09-26,3,0,44,0,1.434814665052626,1.6279823801438478,0.569057944177072,0.6394081308897069
2024-09-27,4,0,44,0,1.3044442777280452,1.4547799965094401,0.4887904589666343,0.5437562923035685
2024-09-30,5,0,44,0,0.8958618229833145,1.1596827098035907,0.3943056453091836,0.4717725925648341
2024-10-01,6,0,44,0,0.6917239879739701,1.0341203620369166,0.2943451063927497,0.30558382381606997
2024-10-02,7,0,44,0,0.7306665102640794,0.9865858315875929,0.31283992795443843,0.3673515635262214
2024-10-03,8,0,44,0,0.7713330904642743,1.18669403538339,0.3134043097977504,0.35506152716139894
2024-10-04,9,0,44,0,1.1429995536804205,1.3909406559044395,0.3618130947008326,0.508341478645873
2024-10-07,10,0,44,0,1.1836661974589033,1.7978445010666568,0.4080505512148381,0.44348907897071727
2024-10-08,11,0,44,0,1.4733330090840666,2.0379811410783097,0.42491111655921526,0.5005632649186768
2024-10-09,12,0,44,0,1.9437035101431388,2.210473119479174,0.5054932256368313,0.5597485230989967
2024-10-10,13,0,44,0,2.074814725805212,2.42427413826658,0.5233819015228143,0.6025054135645648
2024-10-11,14,0,44,0,2.1874073523062245,2.6178208023651304,0.5753818448220875,0.6761237527145788
2024-10-14,15,0,44,0,2.314073986477322,2.792227090891342,0.681528589559661,0.8244128281760196
2024-10-15,16,0,44,0,2.5984614812410793,3.0598015613444356,0.7800344479475915,0.9064998683321136
2024-10-16,17,0,44,0,2.9667999267578127,4.278749770365263,0.879395687213712,1.054399447262766
2024-10-17,18,0,44,0,3.627999801635742,4.336363835000155,1.1415120669393521,1.3272769554205737
2024-10-18,19,0,44,0,3.348000183105468,4.290230538803234,1.471536428819317,1.420582255328871
2024-10-21,20,0,44,0,2.804800186157226,3.157650467387415,1.1684500817370107,1.351268244810702
2024-10-22,21,0,44,0,2.3830771446228023,2.744362176326282,1.0901332064643876,1.2510450358713376
2024-10-23,22,0,44,0,2.1453849352323084,2.3468976868746565,0.9845561945348292,1.126459824239126
2024-10-24,23,0,44,0,2.0069233087392946,2.096145430760075,0.8460142325217803,0.9902022103689128
2024-10-25,24,0,44,0,1.8000002274146436,1.9630583523086622,0.6318328947220673,0.718435670156696
2024-10-28,25,0,44,0,1.7723078727722164,1.9848362726310063,0.5027442997247877,0.5812243434992133
2024-10-29,26,0,44,0,1.7430770213787368,2.059551204169278,0.41364779569327187,0.463117728803192
2024-10-30,27,0,44,0,1.8676002120971669,2.1551815006341273,0.35976942683244495,0.4253478604210016
2024-10-31,28,0,44,0,1.9056001663208004,2.3548089078926027,0.33655707464271706,0.3669619624582976
2024-11-01,29,0,44,0,2.1492001724243157,2.5783072584553755,0.46104921326829496,0.5026600147292111
2024-11-04,30,0,44,0,2.5745832522710166,2.765072138351306,0.41931335784953816,0.4664872896414221
2024-11-05,31,0,44,0,2.6554165283838906,2.9598755780995236,0.41203592800112804,0.4818633940718595
2024-11-06,32,0,44,0,2.748749852180481,3.122175468060008,0.44867468189622817,0.4979239162142135
2024-11-07,33,0,44,0,2.2819997787475597,3.1911967698314734,0.571453083914868,0.679584132125903
2024-11-08,34,0,44,0,2.177999801635743,2.3316475777877006,0.6692626655940876,0.794479999775496
2024-11-11,35,0,44,0,1.9995997619628911,1.7104081206070751,0.6592893782077368,0.8256650881962878
2024-11-12,36,0,44,0,1.7259997940063485,1.4334231608429848,0.5678489607086784,0.6734895888018816
2024-11-13,37,0,44,0,1.3584613066453206,1.1861852789761727,0.4427663763997275,0.5163534919685646
2024-11-14,38,0,44,0,1.1415998840332033,0.8987076668767204,0.36560359001069104,0.43055910533592806
2024-11-15,39,0,44,0,0.6891997909545898,0.587999895330061,0.29419844901330705,0.37328892988523493
2024-11-18,40,0,44,0,0.32874997456868466,0.5103186603875188,0.18370109338909554,0.21798344345206133
2024-11-19,41,0,44,0,0.3052174112071159,0.4010121942748557,0.1613318911570208,0.18948720427133658
2024-11-20,42,0,44,0,0.16681818528608827,0.19798557120002366,0.10345725852490727,0.12213038839856467
2024-11-21,43,0,44,0,0.07333328610374815,0.09701007231136304,0.055690605715995566,0.06585348568185011
2024-11-22,44,0,43,0,0.07333328610374815,0.09701007231136304,0.055690605715995566,0.06585348568185011
2024-11-25,45,0,44,0,0.10285722641717802,0.06820466233574558,0.11890680254437568,0.14410857489768636
2024-11-26,46,0,44,0,0.24318183552135098,0.20483330478698647,0.20347729218662405,0.24216281715125407
2024-11-27,47,0,44,0,0.3586958180303159,0.3468506905676723,0.29351814147295663,0.333877567354686
2024-11-28,48,0,44,0,0.8208333651224772,0.4947886423757899,0.42827187343177303,0.4868330836728293
2024-11-29,49,0,44,0,0.835999984741211,0.5485998902571828,0.5162505142825149,0.576030393044225
2024-12-02,50,0,44,0,1.2727999877929688,1.3008662903099728,0.6646969556018422,0.686065241373925
2024-12-03,51,0,44,0,1.575999908447266,2.12164761292307,0.58477308277574,0.6763345892792532
2024-12-04,52,0,44,0,2.278214148112706,3.0374787924582494,0.42595945118911216,0.4742008842261027
2024-12-05,53,0,44,0,2.9290907599709253,3.0507358150314867,0.3414052427904579,0.409163700525055
2024-12-06,54,0,44,0,2.90227257121693,3.040056841917205,0.3441987507867706,0.3940953759104708
2024-12-09,55,0,44,0,2.824999852613969,3.0453304898948,0.3231606792085636,0.34829650848659965
2024-12-10,56,0,44,0,2.1050000871930803,2.88299982577637,0.2870501398154838,0.3349792076526156
2024-12-11,57,0,44,1,2.0178572109767368,2.6972518169518676,0.31313211919214284,0.3731895313660117
2024-12-12,58,0,44,0,1.927500077656337,2.5125299679241864,0.31351048258287056,0.39237744154339427
2024-12-13,59,0,44,0,1.922592692905002,2.3446131248223154,0.25106426260505776,0.2957452068066637
2024-12-16,60,0,44,0,1.989615403688871,2.2574972602442687,0.24938788866981842,0.29495249797188294
2024-12-17,61,0,44,0,1.7010345130131161,2.334417972564697,0.37175491398791694,0.4334062482893397
2024-12-18,62,0,44,0,1.6010344275112809,2.511971024161891,0.46715357974139915,0.522505551139587
2024-12-19,63,0,44,0,2.170356852667672,2.8091254328677526,0.45068513843548624,0.46744190302368005
2024-12-20,64,0,44,0,2.867036960743092,3.8955392244405913,0.5477902787978514,0.557326876069786
2024-12-23,65,0,44,0,3.075184998688874,4.010669972771092,0.5774205419745743,0.6352730848014494
2024-12-24,66,0,44,0,3.5545833110809326,4.100372678020543,0.6493020639584712,0.8353863673275649
2024-12-25,67,0,44,0,3.5128000259399412,3.8435526495423358,0.7033941849275098,0.8019724583533177
2024-12-26,68,0,44,0,3.4742308396559496,3.672570605027046,0.7439545170250677,0.8517987428555684
2024-12-27,69,0,44,0,3.421481627005118,3.5323772611067596,0.8057957791745437,0.9851000838515822
2024-12-30,70,0,44,0,3.7052000427246092,3.1193174308643,0.8681213982714837,0.9890725894352178
2024-12-31,71,0,44,0,3.4151999282836916,2.826511352472138,0.853512662397049,1.004894929342084
2025-01-02,72,0,44,0,2.9935999298095703,2.592364842531974,0.8665465306187654,0.9864249248024352
2025-01-03,73,0,44,0,2.5703845757704515,2.5689823619803493,0.8617131671321228,1.0132009352324753
2025-01-06,74,0,44,0,2.3646154403686523,2.4914727880971115,0.8624785829923706,1.0383480964303142
2025-01-07,75,0,44,0,2.1438462184025693,2.2659894546782304,0.8538617734653754,1.0410700077616186
2025-01-08,76,0,44,0,1.982307690840501,2.132153904665344,0.8672611411606934,1.0122640157914111
2025-01-09,77,0,44,0,1.815769232236422,1.9681554508427461,0.8760206623329173,1.0562626486020417
2025-01-10,78,0,44,0,1.7075999450683594,1.7537754741328502,0.8173113556380927,0.9585784062367896
2025-01-13,79,0,44,0,1.7111999893188476,1.61073462993778,0.6509067450516115,0.7508899256719943
2025-01-14,80,0,44,0,1.68807708300077,1.5912413277877007,0.670591442642699,0.7589780251331986
2025-01-15,81,0,44,0,1.7565385745121882,1.5108876827221114,0.6073981004411951,0.7174822734585504
2025-01-16,82,0,44,0,1.8646155870877783,1.5945830525849993,0.5927670276236487,0.6801718302024489
2025-01-17,83,0,44,0,1.9031998443603526,1.8638160384997986,0.6769841384375294,0.7812094114984461
2025-01-20,84,0,44,0,2.1003997421264655,2.410500871156391,0.7974076928170227,0.9553395763020535
2025-01-21,85,0,44,0,2.4324002838134766,3.00026632373096,0.9531922720246777,1.1348891832257963
2025-01-22,86,0,44,0,2.5036002731323244,2.8987555046248854,0.8859463423726198,1.0054295132615578
2025-01-23,87,0,44,0,2.317999801635742,2.0844912139491023,0.7057132021553576,0.8239079760154445
2025-01-24,88,0,44,0,2.0095998764038088,1.8780848970915136,0.5264773055714655,0.6042343700023909
2025-01-27,89,0,44,0,1.7103844422560472,1.8100876844417282,0.3994672785946553,0.4748275839670497
2025-01-28,90,0,44,0,1.4151849393491391,1.7209396831503718,0.34076257196515664,0.4157714589671293
2025-01-29,91,0,44,0,1.2703702008282696,1.6312947231173067,0.29068276966942613,0.31899927761552527
2025-01-30,92,0,44,0,1.231153708237868,1.4925271162778277,0.2845046276800345,0.3294009032106292
2025-01-31,93,0,44,0,1.2527998352050782,1.4427096007441913,0.3218926063903296,0.37638883257940453
2025-02-03,94,0,44,0,1.0688459689800556,1.2724126179216297,0.2991389889728822,0.333372750566111
2025-02-04,95,0,44,0,1.0319998168945312,1.1608237188715425,0.27486535703223597,0.3147249103994001
2025-02-05,96,0,44,0,0.9519998168945313,1.0655533645585262,0.3062371161211564,0.37779848207370065
2025-02-06,97,0,44,0,0.8757691016564002,0.946660995785488,0.30008637910880026,0.37977806007671955
2025-02-07,98,0,44,0,0.8259258270263672,0.9500129910742326,0.4591651359045126,0.5344373916897224
2025-02-10,99,0,44,0,1.0092591886167173,1.2815460999918264,0.550670148915705,0.6239725134737104
2025-02-11,100,0,44,0,1.3176924998943622,1.6645480257893166,0.6158994505552543,0.7515841029121999
2025-02-12,101,0,44,0,1.9755998611450196,1.855271025473611,0.7023446579063427,0.8924233343839155
2025-02-13,102,0,44,0,2.095599822998047,1.9643265125207732,0.750250949959419,0.9339439400681101
2025-02-14,103,0,44,0,2.1195998382568355,2.570106817462988,0.7950738989572936,0.913671940167713
2025-02-17,104,0,44,0,2.02461525110098,2.5534454630968866,0.7441775239596392,0.8887842608039317
2025-02-18,105,0,44,0,1.927036850540726,2.5116042805554564,0.6216376589480342,0.7079293233152821
2025-02-19,106,0,44,0,1.6444826783805055,2.3814253910800867,0.5309480865372616,0.6139745123886422
2025-02-20,107,0,44,0,1.4766666094462075,2.260036825046205,0.446227703786155,0.515614673240624
2025-02-21,108,0,44,0,1.3876666704813636,2.1368263267215926,0.34569235484132926,0.40866521116865856
2025-02-24,109,0,44,0,1.4515381959768439,1.833668025638878,0.28679570821214245,0.3279978763255736
2025-02-25,110,0,44,0,1.4534612435560956,2.0510021725872103,0.3069815753468252,0.36505447500215654
2025-02-26,111,0,44,0,1.401851548088921,1.952188349530647,0.34677189506068506,0.4058809029119415
2025-02-27,112,0,44,0,1.347499677113124,1.9821498870122165,0.3765864892725678,0.41068665865065246
2025-02-28,113,0,44,0,1.406785454068865,2.0298446586257524,0.4024558230499919,0.5012511287957505
2025-03-03,114,0,44,0,1.500713995524815,2.3133343547468956,0.43006934224896365,0.4808198397163572
2025-03-04,115,0,44,0,2.0371429239000594,2.538924052840785,0.5211923127491498,0.6110684497448324
2025-03-05,116,0,44,0,2.507036668282968,2.7945207732351203,0.6591725806796308,0.7293332325144497
2025-03-06,117,0,44,0,2.8323073387145996,3.044420010817678,0.7269175619406499,0.8419486993859101
2025-03-07,118,0,44,0,3.280799598693848,3.4004733301129253,0.7931369110660114,0.8978230764988198
2025-03-10,119,0,44,0,3.783599739074707,3.8349898705064205,0.9155283686459994,1.0741670746983216
2025-03-11,120,0,44,0,4.335199813842774,5.312195428965384,0.9745236181428691,1.2045257467068913
2025-03-12,121,0,44,0,4.86279987335205,5.74044460179513,1.0404669735894236,1.184266349510542
2025-03-13,122,0,44,0,4.909999885559082,5.937696335524842,1.3502486892225123,1.2392264580534114
2025-03-14,123,0,44,0,4.8771999740600585,6.072670065980208,1.367675340416925,1.2416944107051244
2025-03-17,124,0,44,0,4.7707999801635745,4.793305981887014,1.393117457412081,1.2826524850670777
2025-03-18,125,0,44,0,4.33200008392334,4.544479864265486,1.3956027590838036,1.3024070876816762
2025-03-19,126,0,44,0,4.110000190734863,4.480092771685379,1.3995974943119451,1.343263991968164
2025-03-20,127,0,44,0,3.74200008392334,4.373529340194558,1.0575708333393323,1.2207775943359715
2025-03-21,128,0,44,0,3.487599983215332,3.715479902680159,0.901998282296656,1.0191833548352993
2025-03-24,129,0,44,0,3.180000190734863,3.5230660229733117,0.7264559365261811,0.8530548916092109
2025-03-25,130,0,44,0,2.4757691530080943,3.2601510055943534,0.5785079273069124,0.6759365448834374
2025-03-26,131,0,44,0,2.1085184945000544,2.820458312234094,0.5032845385921546,0.573358220395482
2025-03-27,132,0,44,0,1.8996295575742375,2.793862617693449,0.38697979979184366,0.4115321188898213
2025-03-28,133,0,44,1,1.6620688931695347,2.677686455107572,0.32752900201528123,0.362850441643829
2025-03-31,134,0,44,1,2.036428553717477,2.7888387583013157,0.230325459786734,0.2640589623714874
2025-04-01,135,0,44,1,1.977666695912679,2.949372801195112,0.2374857977586359,0.2733403186153118
2025-04-02,136,0,44,1,1.9199999868869781,3.179297682346656,0.2651574368079427,0.3182352251924229
2025-04-03,137,0,44,1,2.438275797613736,3.4022739608991612,0.25276437387484385,0.28168373606015257
2025-04-04,138,0,44,0,2.822758543080297,3.6168972324906736,0.24559395841965556,0.27352117363476214
2025-04-07,139,0,44,1,3.823448214037665,4.381662601974475,0.38966676421728597,0.49170878638497767
2025-04-08,140,0,44,1,4.78857125554766,5.7880527763199385,0.4283443981000721,0.48320707474158464
2025-04-09,141,0,44,0,6.025555469371654,7.3782808492058205,0.49315406226026043,0.56019731841657
2025-04-10,142,0,44,0,6.4977776915938765,7.959348720629147,0.5721504214173205,0.6985598970101228
2025-04-11,143,0,44,0,7.217037024321379,9.522476397313572,0.6470543301055725,0.7602989004939344
2025-04-14,144,0,44,0,7.926296340094672,10.387635822379801,0.7031203655093953,0.8459254206075438
2025-04-15,145,0,44,0,9.108400077819825,10.936629035598353,0.7877985791995079,0.9361059944606903
2025-04-16,146,0,44,0,9.803333401679993,9.967624776696175,0.9013633675359644,1.0642694676749114
2025-04-17,147,0,44,0,10.271250049273172,10.887646749867587,0.9739105863623676,1.136026403329972
2025-04-18,148,0,44,0,11.616818124597723,11.72233005824842,1.0498878819556383,1.2272752814380705
2025-04-21,149,0,44,0,12.554761841183616,12.599139576376531,1.1190995065031444,1.3340923343095341
2025-04-22,150,0,44,0,13.71799988746643,13.045909682909652,1.1078606222610192,1.2579385637199143
2025-04-23,151,0,44,0,13.395714124043783,13.428458544943066,1.0301221358040067,1.1685667107090456
2025-04-24,152,0,44,0,13.064545327966863,13.86747562266233,0.9165464430726834,1.0713411127462924
2025-04-25,153,0,44,0,14.608000230789184,14.273443184317205,0.7820638807668603,0.891162091183833
2025-04-28,154,0,44,0,13.98571454911005,14.60921951319042,0.6644443720770639,0.7681515648121491
2025-04-29,155,0,44,0,13.405454765666615,15.004072963731332,0.5687472130493104,0.6431224922852978
2025-04-30,156,0,44,0,12.855217601941979,15.37821767681523,0.46971003704327247,0.5146762487801853
2025-05-01,157,0,44,0,15.190500211715698,15.248253657441392,0.40180054198201987,0.4299093898061105
2025-05-02,158,0,44,0,14.919500207901,14.6061791384011,0.38001829862010117,0.409344812136065
2025-05-05,159,0,44,0,10.934400215148926,13.40015014489492,0.4277262459637704,0.49881393205548163
2025-05-06,160,0,44,0,10.00080020904541,12.108119431629515,0.31687560849525803,0.3588765416941749
2025-05-07,161,0,44,0,8.898000144958496,11.041045663482265,0.23623724622135034,0.2860294234579606
2025-05-08,162,0,44,0,8.495200157165527,10.436143021750869,0.32814772202183345,0.38850416049372216
2025-05-09,163,0,44,0,7.725599937438966,9.633924511775637,0.3040305243133228,0.3290378495149432
2025-05-12,164,0,44,0,6.983199882507324,9.02282975974836,0.3252253130126396,0.36274010245453076
2025-05-13,165,0,44,0,5.781199836730958,8.5092753693932,0.33347200766583557,0.3714581351410099
2025-05-14,166,0,44,0,5.271199760437011,6.185825111991485,0.3955343455213893,0.42973324281427855
2025-05-15,167,0,44,0,4.71039981842041,5.294163519942971,0.40670990443837124,0.4623862263950113
2025-05-16,168,0,44,0,4.159599952697754,4.650220279961301,0.39186055041594414,0.45306451785257285
2025-05-19,169,0,44,0,3.5835998916625975,4.0483676975317175,0.5045400894614964,0.5810411528945407
2025-05-20,170,0,44,0,2.9563998794555664,3.457168388433624,0.478071496537613,0.5276341828341137
2025-05-21,171,0,44,0,2.457199897766114,2.9734371772230723,0.4424064767473141,0.49572790291422314
2025-05-22,172,0,44,0,2.3283999252319334,2.768429397382235,0.2896909173740098,0.32892445380147967
2025-05-23,173,0,44,0,2.4141666491826377,2.79128286733962,0.24071685942770382,0.28182506113865213
2025-05-26,174,0,44,0,2.6656521921572476,2.9035103098114976,0.2955373162556651,0.35273876376709906
2025-05-27,175,0,44,0,2.8822728503834116,3.070894776957267,0.28251459795177475,0.30369682553034655
2025-05-28,176,0,44,0,2.8927273750305176,3.1441487240612065,0.25612467191662497,0.28715609414854243
2025-05-29,177,0,44,0,2.8950000676241787,3.190362237712794,0.274696151204931,0.3238305478785009
2025-05-30,178,0,44,0,2.7734783421392026,3.1206595900184233,0.23074484382009677,0.280899252774521
2025-06-02,179,0,44,0,3.0245454528115014,3.1244463898006236,0.3112304578619931,0.3466826831124688
2025-06-03,180,0,44,0,2.894782646842625,3.064689100639165,0.4579709510563654,0.5668772444084452
2025-06-04,181,0,44,0,2.3653845787048344,2.347002218168381,0.49938056624654126,0.606739440613321
2025-06-05,182,0,44,0,2.050000114440918,2.0576565474348456,0.633893377849415,0.7405858587334964
2025-06-06,183,0,44,0,1.8904002761840821,1.9573382013555145,0.6825731899789284,0.8116904765165276
2025-06-09,184,0,44,0,1.5446156355050888,1.8157469184161616,0.6920235238868786,0.7981773443402993
2025-06-10,185,0,44,0,1.4580771006070647,1.7695645018860136,0.5615093715267231,0.6184305888378125
2025-06-11,186,0,44,0,1.463200187683105,1.6229249541754838,0.4988498884545065,0.5498490072182085
2025-06-12,187,0,44,0,1.4500001907348627,1.5870013019737323,0.4853901400102629,0.5666631680181995
2025-06-13,188,0,44,0,1.4292001724243157,1.57366750320179,0.40524779800152005,0.46793256747843875
2025-06-16,189,0,44,0,1.5320001602172846,1.6174163813313474,0.3638375581553268,0.42131222464914786
2025-06-17,190,0,44,0,1.4451854493882916,1.7623972157428134,0.3565782005199379,0.40789615480844044
2025-06-18,191,0,44,0,1.5266669591267903,2.034274749895285,0.24707504111975054,0.277621225882972
2025-06-19,192,0,44,0,1.6950002450209392,2.240846594174703,0.27722821621810306,0.3254085648614597
2025-06-20,193,0,44,0,2.093461733597976,2.3239830349322252,0.4247024611574547,0.5257623809528453
2025-06-23,194,0,44,0,2.252800178527832,2.568873804852478,0.42090073396891436,0.5180365121778694
2025-06-24,195,0,44,0,2.3376001358032226,2.670520664516248,0.4800647430345212,0.5144585309479869
2025-06-25,196,0,44,0,2.3520000839233397,2.8138426963982592,0.475220829512882,0.5614884905519383
2025-06-26,197,0,44,0,2.386399955749512,3.1644698926858736,0.5436734255198746,0.6192343371798827
2025-06-27,198,0,44,0,2.200384470132682,2.390445951428329,0.6296447775915259,0.7531286083028111
2025-06-30,199,0,44,0,1.9887998580932618,2.0445758053294396,0.7057980607065326,0.8153117336764168
2025-07-01,200,0,44,0,1.6588460115286014,1.8412259014419632,0.6208601324686183,0.7009499448307572
2025-07-02,201,0,44,0,1.3318517119796183,1.6287529685260247,0.5269827073405448,0.5577415704043771
2025-07-03,202,0,44,0,1.1289284910474502,1.4233648655093893,0.42438178452590614,0.4617451022316296
2025-07-04,203,0,44,0,1.1157142434801373,1.3119785969382831,0.4242639192527164,0.4549273506155905
2025-07-07,204,0,44,0,1.0414286000388007,1.2100771625836686,0.3581723752771997,0.38756698981976156
2025-07-08,205,0,44,0,0.9964285918644494,1.1139040412049297,0.2826142841614054,0.3146256360943483
2025-07-09,206,0,44,0,0.9128568853650775,1.0227200077924872,0.2611414686657438,0.28774670778520217
2025-07-10,207,0,44,0,0.8553569657461983,0.9917584617235503,0.2630389347886167,0.2919100239690167
2025-07-11,208,0,44,0,0.8185712609972275,0.901484647988277,0.29087499589334753,0.3081737253760558
2025-07-14,209,0,44,0,0.7609996159871422,0.8719753822578131,0.24403126768028852,0.29212545167204995
2025-07-15,210,0,44,0,0.8153566973549982,0.8463102454663899,0.32495390838354077,0.3548837587812623
2025-07-16,211,0,44,0,0.7393098370782261,0.8461144021380013,0.3496687683859403,0.4367428945641159
2025-07-17,212,0,44,0,0.6546870172023773,0.9076021215650769,0.43937685283776645,0.47105910755095987
2025-07-18,213,0,44,0,0.7761287381572111,1.2495632105152508,0.48954389756518607,0.5586718568537119
2025-07-21,214,0,44,0,0.8890319639636625,1.6448015459964154,0.4915554130649728,0.5826121376075972
2025-07-22,215,0,44,0,1.3358062313448997,1.789721569596676,0.6030844107418749,0.7036818309550034
2025-07-23,216,0,44,0,1.6085712909698486,1.8107920647559805,0.6372047877359885,0.7955881208990759
2025-07-24,217,0,44,0,1.838000030517578,1.8196487543652626,0.5880356933299403,0.6734492164121305
2025-07-25,218,0,44,0,1.8796000289916992,2.290243958757635,0.5885701176047253,0.6408485403419979
2025-07-28,219,0,44,0,1.9155997467041015,2.301245975745352,0.577418802805255,0.638150191955058
2025-07-29,220,0,44,0,1.6857140064239502,2.321491310220016,0.5140505446180963,0.5497664091386661
2025-07-30,221,0,44,0,1.4196549777326912,2.282210603764182,0.34778018264205646,0.4138176093139576
2025-07-31,222,0,44,0,1.3086664199829101,2.250157955822192,0.33376649620824467,0.3867641680355373
2025-08-01,223,0,44,0,1.1919997215270997,2.1628912824496886,0.3856091893126665,0.44928750396669276
2025-08-04,224,0,44,0,1.3527581773955246,2.049414881405078,0.39213162648764693,0.45364368089275403
2025-08-05,225,0,44,0,1.7099998394648235,2.0275670717752474,0.43452631464889474,0.48635340799537535
2025-08-06,226,0,44,0,1.6463998794555663,1.963298024151259,0.5130973843235297,0.5642140999041806
2025-08-07,227,0,44,0,1.5203845684344952,1.8245683531631889,0.5067456890022618,0.6050618534585932
2025-08-08,228,0,44,0,1.4159259442929868,1.7026915913952119,0.47410218053675435,0.5359901407017373
2025-08-11,229,0,44,0,1.3917857919420515,1.5877994409778664,0.456083980850777,0.5190371414350696
2025-08-12,230,0,44,0,1.4292858328138078,1.5637380723785936,0.4804824533977681,0.5456994869995787
2025-08-13,231,0,44,0,1.7451851809466328,1.7143395534760772,0.5705599541236946,0.6801137271616275
2025-08-14,232,0,44,0,2.034615479982816,1.875878950866342,0.6007784419599072,0.7975361147064859
2025-08-15,233,0,44,0,2.2428001403808593,2.035225706044693,0.596716995192448,0.707606907278153
2025-08-18,234,0,44,0,1.9003571782793318,2.2311812085017824,0.5227432605335214,0.6342334408936137
2025-08-19,235,0,44,0,1.7728571210588728,2.2890342542181297,0.46138821198212415,0.5519034537365533
2025-08-20,236,0,44,0,1.6829629827428747,2.078113942257842,0.45992245929574765,0.5173911199079808
2025-08-21,237,0,44,0,1.5229629940456815,1.9821211993103258,0.4175023957906249,0.48681282976224055
2025-08-22,238,0,44,0,1.2981480845698603,1.8543194654455597,0.4492506463087484,0.49723517742484885
2025-08-25,239,0,44,0,1.2699999442467322,1.7087439639716635,0.40617058245183285,0.4714456249725738
2025-08-26,240,0,44,0,1.2207999420166016,1.7797692767360753,0.3592667485706432,0.42216229558707746
2025-08-27,241,0,44,0,1.151153747852032,1.5870939696614632,0.3420554679325045,0.4261760553910798
2025-08-28,242,0,44,0,1.1188461230351374,1.4522217660346712,0.32771850842833405,0.3956529449159481
2025-08-29,243,0,44,0,1.062692165374756,1.3969809879336441,0.4589480308489871,0.5434228332550666
2025-09-01,244,0,44,0,1.2609998067220052,1.587141610586155,0.47494255303819327,0.5707835327282452
2025-09-02,245,0,44,0,1.3372412714464912,1.6471662044859772,0.49064313516633257,0.564859656411217
2025-09-03,246,0,44,0,1.521071195602417,1.5597073641835195,0.481948720885042,0.49435930143931095
2025-09-04,247,0,44,0,1.690370347764757,1.741673567079739,0.5068492374975345,0.5313288283361729
2025-09-05,248,0,44,0,1.8614814899585865,2.367967983554977,0.553214979916617,0.6149180724571239
2025-09-08,249,0,44,0,1.9869230343745306,2.3838142395816253,0.61781761837273,0.6236848137886587
2025-09-09,250,0,44,0,2.3630434533824087,2.327743994866451,0.7519511236849903,0.8244906832241191
2025-09-10,251,0,44,0,2.241249958674113,2.246825293418017,0.6777473841777768,0.7544370842152966
2025-09-11,252,0,44,0,2.084799957275391,2.135035778904518,0.6303941107796424,0.7113821593520442
2025-09-12,253,0,44,0,1.969999936910776,2.0343676967286224,0.6045751301842553,0.6985650108318018
2025-09-15,254,0,44,0,2.0303998947143556,2.036712284556606,0.624422575808158,0.7419361092667168
2025-09-16,255,0,44,0,1.6589999198913572,2.086388736457155,0.6369470022516736,0.7479382579422784
2025-09-17,256,0,44,0,1.6603446500054722,2.3970087011084793,0.5572891367183532,0.6510340406669892
2025-09-18,257,0,44,0,1.7599998201642717,2.464857885014941,0.7232396850206126,0.8083105232929745
2025-09-19,258,0,44,0,2.346363544464111,2.549729738988374,0.76720413353921,0.9160079056149476
2025-09-22,259,0,44,0,2.155217336571735,2.4888812020229305,0.7431904498381466,0.8035652448350431
2025-09-23,260,0,44,0,1.8499999618530274,2.3420965317397084,0.7538030322677554,0.7787769464071684
2025-09-24,261,0,44,0,1.7048000335693358,2.180978106387684,0.6593731495429839,0.7355908636237929
2025-09-25,262,0,44,0,1.6304000091552735,2.022573271314212,0.6770003029269802,0.7146134029450062
2025-09-26,263,0,44,0,1.400740729437934,1.7680053467332268,0.5498894997281226,0.6314988461326343
2025-09-29,264,0,44,0,1.5026922592749963,1.7710085701524165,0.5164296412742526,0.6121587513702904
2025-09-30,265,0,44,0,1.620399932861328,1.8033373537788617,0.5793307684201836,0.6936116180797839
2025-10-01,266,0,44,0,1.8803843351510854,1.9824407438757827,0.7215842428928946,0.8655320721333115
2025-10-02,267,0,44,0,2.3699998026308804,2.024477990245261,1.00827594917955,1.2032331254108453
2025-10-03,268,0,44,0,2.115599899291992,2.030820773319891,0.9634146496282715,1.074100215894728
2025-10-06,269,0,44,0,2.0675998687744137,2.0318243855705034,0.8635307198002795,0.9625472523408064
2025-10-07,270,0,44,0,1.8310712746211457,2.0357331725672667,0.8569131142036801,1.084200000605455
2025-10-08,271,0,44,0,1.6583330154418943,1.9983621766832131,0.89281334954879,0.9650760604042092
2025-10-09,272,0,44,0,1.631333096822103,1.962949592947262,0.8848328299948854,1.028694018774248
2025-10-10,273,0,44,0,1.8246152217571552,1.9240055306640977,0.8916927834280345,1.0610740465282482
2025-10-13,274,0,44,0,1.9399998371417706,1.9546957550271902,0.6616593106577086,0.7391304851384339
2025-10-14,275,0,44,0,2.0073076761685886,2.049521900020844,0.6963139355817016,0.7931788797805269
2025-10-15,276,0,44,0,2.1776923399705153,2.2667401005705887,0.7611183215165265,0.8730186559975359
2025-10-16,277,0,44,0,2.316923141479492,2.4519601458722393,0.7424370285344761,0.8009695200761049
2025-10-17,278,0,44,0,2.739199981689453,2.6727977453532974,0.7100037098212263,0.8150957665694463
2025-10-20,279,0,44,0,2.8748000335693358,2.8330256105835674,0.7044904525185182,0.7678103509921981
2025-10-21,280,0,44,0,2.950800018310547,2.984229286996942,0.7281636307180028,0.7850643610277959
2025-10-22,281,0,44,0,3.0415999603271486,3.0671288778740062,0.7833260519714694,0.9028755987898839
2025-10-23,282,0,44,0,3.131199951171875,3.8128357100905035,0.8344904783334854,0.969246627028965
2025-10-24,283,0,44,0,2.965768887446477,3.738016440073649,0.9170887023259552,1.0340973559455453
2025-10-27,284,0,44,0,2.390740677162453,2.676364033816153,0.9126497393802891,1.1055909694293244
2025-10-28,285,0,44,0,2.1403704042787903,2.199698796724018,0.862644038925947,1.0157687349643627
2025-10-29,286,0,44,0,1.9243999862670895,1.7934568141468779,0.7512563461728428,0.8971463087198096
2025-10-30,287,0,44,0,1.7471999359130856,1.5999038238525385,0.6458760385557635,0.7623892594960247
2025-10-31,288,0,44,0,1.4355552461412218,1.538455252387137,0.5680509438837562,0.6499361927580166
2025-11-03,289,0,44,0,1.2914282253810339,1.4886916333714297,0.4777020861670645,0.5596670658025349
2025-11-04,290,0,44,0,1.1355169559347218,1.390543688389293,0.43669237374080677,0.4938232022997902
2025-11-05,291,0,44,0,1.1106893934052566,1.3510549611947025,0.4287293398525107,0.4846251347835351
2025-11-06,292,0,44,0,1.0193100962145576,1.2944331768939372,0.3512603182224218,0.39594715756209203
2025-11-07,293,0,44,0,0.9413330396016442,1.3518136086619292,0.2771204687746097,0.32054029974575
2025-11-10,294,0,44,0,1.0316664059956868,1.458084160314476,0.29562663905860653,0.3405858206690761
2025-11-11,295,0,44,0,1.0831032785876047,1.4495559833263763,0.32634691260296395,0.3714620426120763
2025-11-12,296,0,44,0,1.1286205423289337,1.442878580070146,0.35553106449854016,0.4053889956925336
2025-11-13,297,0,44,0,1.4207142761775426,1.622915834966923,0.5306222753371468,0.5783100943850219
2025-11-14,298,0,44,0,1.493703700878002,1.9222410559654233,0.5181343379078135,0.556535430322582
2025-11-17,299,0,44,0,1.8830767778249888,2.125559137846294,0.575951967387984,0.652016805883599
2025-11-18,300,0,44,0,2.2179998779296874,2.4564138605218178,0.639374989691553,0.7438794112421069
2025-11-19,301,0,44,0,2.6491999053955078,3.480445439857349,0.7066278490057192,0.8491650168628291
2025-11-20,302,0,44,0,3.206800003051758,3.8185743360352093,0.8792931667277992,0.9811274383154515
2025-11-21,303,0,44,0,3.4843999481201173,4.169504174014977,1.0305343927430517,0.9920293327285029
2025-11-24,304,0,44,0,3.605199966430664,4.37749633337322,0.8319537965923571,0.8998767286080872
2025-11-25,305,0,44,0,3.7424999475479126,4.458734916134885,0.8173129858053899,0.8970451157599091
2025-11-26,306,0,44,0,3.833912932354471,4.435619992122315,0.8185878556505974,0.92701964463624
2025-11-27,307,0,44,0,3.212799949645996,4.246996279348407,0.7898123615216082,0.9233091508901288
2025-11-28,308,0,44,0,2.818400001525879,2.8702995116250545,0.7939615163862741,0.920241488596331
2025-12-01,309,0,44,0,2.3580000686645506,2.3548434921398496,0.7817338346266207,0.9407627557423395
2025-12-02,310,0,44,0,1.9136001205444335,2.0291417783101395,0.6635925637064429,0.7598832012320941
2025-12-03,311,0,44,0,1.6112002182006835,1.7784865413688076,0.550107332577385,0.6267956155402508
2025-12-04,312,0,44,0,1.2137039679068107,1.4551567725242924,0.44795723009410193,0.5040934093087883
2025-12-05,313,0,44,0,1.255555894639757,1.3461710365250792,0.41196592802416243,0.4767450321884808
2025-12-08,314,0,44,0,1.3676001358032226,1.3168175857899018,0.37437935960385993,0.41910170211126635
2025-12-09,315,0,44,0,1.1792000579833983,1.2446645091939694,0.28521090517487707,0.3135510914092958
2025-12-10,316,0,44,0,0.9888461919931265,1.2006936160254391,0.23998209130325254,0.26248559635448
2025-12-11,317,0,44,0,0.860370424058702,1.3370603255460738,0.21331955591526877,0.2446023550646221
2025-12-12,318,0,44,0,0.8600000841864224,1.5081539696141295,0.2359210330685066,0.26905550292771574
2025-12-15,319,0,44,0,1.143103500892376,1.533255834587435,0.23580222745322157,0.29464468742067745
2025-12-16,320,0,44,0,1.2962963316175675,1.4275810010251944,0.3339631421822733,0.38953631566884667
2025-12-17,321,0,44,0,1.1675000190734863,1.2131135859563396,0.3960361749795374,0.4460177127252261
2025-12-18,322,0,44,0,0.9533332824707031,1.0202667024632877,0.4932230719137165,0.5274938581829712
2025-12-19,323,0,44,0,0.731666628519694,0.922118093947918,0.4750358259282047,0.48779653149820495
2025-12-22,324,0,44,0,0.7803333282470704,1.3508755848886438,0.4877413036902638,0.6010804273970887
2025-12-23,325,0,44,0,1.129666709899902,1.5950412130960014,0.5556630582795178,0.6787659648581544
2025-12-24,326,0,44,0,1.5351724295780576,1.676385746247587,0.5768745862492131,0.6568853055004406
2025-12-25,327,0,44,0,1.595666726430257,1.9306650301866364,0.55754784744634,0.6596184486414551
2025-12-26,328,0,44,0,1.750000131541285,2.2208282717305403,0.4812420917396611,0.5745851238642712
2025-12-29,329,0,44,0,1.7603333155314127,2.643748186262031,0.45069956921481263,0.521635823469176
2025-12-30,330,0,44,0,1.8083333333333333,2.6913157258117413,0.29892126945822717,0.3466815720657047
2025-12-31,331,0,44,0,1.775333309173584,2.6713472944393493,0.2556985521948327,0.29489055588675867
2026-01-02,332,0,44,0,1.5912902893558625,2.6087551720937094,0.17426635666973123,0.20110762505708746
2026-01-05,333,0,44,0,1.5683870315551758,2.558251630381534,0.17494020033695534,0.1980920581319642
2026-01-06,334,0,44,0,1.9011999511718747,2.4936981447956024,0.16906422247921796,0.19199571240480104
2026-01-07,335,0,44,0,1.8707999038696286,2.3889464394291346,0.17606127486643183,0.20559254891873932
2026-01-08,336,0,44,0,1.5555170322286669,2.2735916179523135,0.21375516260177987,0.25593622611227496
2026-01-09,337,0,44,0,1.5482141290392193,1.845508702467328,0.25793538709446345,0.2916059373799633
2026-01-12,338,0,44,0,1.571481280856662,1.7764364718747374,0.25574806687414076,0.2913110971144333
2026-01-13,339,0,44,0,1.606538185706505,1.6485995784063017,0.3338478115133013,0.3689088536680862
2026-01-14,340,0,44,0,1.545184912504973,1.8083440107533486,0.4141205431163098,0.4662486969589586
2026-01-15,341,0,44,0,1.6426919056819034,1.9983255312778474,0.5820457226429642,0.658198780489726
2026-01-16,342,0,44,0,1.8733330126161927,2.8178027595460526,0.663338203239151,0.8074845769312375
2026-01-19,343,0,44,0,2.7469563276871387,2.9846657225960174,0.7883285495223249,0.8812075929744139
2026-01-20,344,0,44,0,2.651249845822652,2.841178736000198,1.3169718863352666,1.184916726902396
2026-01-21,345,0,44,0,2.7091665267944336,2.681439586575521,1.1958925706065648,1.1006864281383912
2026-01-22,346,0,44,0,2.853636264801025,2.5139211092594165,0.9988131521349234,0.9969387410933687
2026-01-23,347,0,44,0,2.6999999336574385,2.3565974332203403,0.9402586913757394,1.0839345314758533
2026-01-26,348,0,44,0,2.540416638056437,2.2910045594267436,0.9142081442254848,1.0842600031789054
2026-01-27,349,0,44,0,2.3940000534057613,2.157750608700757,0.9254310951922418,1.0725444884600426
2026-01-28,350,0,44,0,2.4124000167846678,2.1223686210007693,0.962144877409431,1.1148738634960005
2026-01-29,351,0,44,0,2.236666608739782,2.101664281142385,0.993568365284992,1.1317946403321946
2026-01-30,352,0,44,0,2.279615328862117,2.092250260135584,1.0033422259210467,1.184082520754389
2026-02-02,353,0,44,0,2.294800033569336,2.052928610974585,1.2127510912569408,1.391728492013526
2026-02-03,354,0,44,0,2.144615466778095,2.121030160860243,1.0002438315882325,1.0863795470215236
2026-02-04,355,0,44,0,1.8607142993382044,2.0121217889618452,0.9996468515664436,1.0647810386637806
2026-02-05,356,0,44,0,1.6951723756461308,2.0408595658017874,1.0171977662930942,1.0813903483714884
2026-02-06,357,0,44,0,1.7199999710609173,2.1224852567973884,0.9655147965996016,0.9576482348825927
2026-02-09,358,0,44,0,1.744642904826573,2.2473841936881076,0.9434255691033494,0.9064125490567779
2026-02-10,359,0,44,0,1.6959259245130751,2.301290412768983,0.7901970264595782,0.8053445413055198
2026-02-11,360,0,44,0,1.6834615560678334,2.332002035776774,0.7672930168550657,0.7910266067880021
2026-02-12,361,0,44,0,1.6952000045776368,2.3646546866433664,0.7598463765569158,0.8173550831666059
2026-02-13,362,0,44,0,1.7915999603271484,2.4158553891098284,0.6634548130445457,0.7460093257124687
2026-02-16,363,0,44,0,1.9716000747680664,2.591484628844679,0.6732065349165407,0.7744767173917605
2026-02-17,364,0,44,0,2.1428000640869143,2.774060267755162,0.6422516694082973,0.7297984467563714
2026-02-18,365,0,44,0,2.9000000762939453,3.6753728127061285,0.911078681631479,1.039758859292379
2026-02-19,366,0,44,0,2.795600051879883,3.7104430138437365,1.0361399447123856,1.1902502614562567
2026-02-20,367,0,44,0,2.6652000045776365,3.6999315906825814,1.3007259220902443,1.2027713736613264
2026-02-23,368,0,44,0,2.7129166523615518,3.6416482591629027,1.2287422404280752,1.0964424921225304
2026-02-24,369,0,44,0,2.8508695104847783,3.6311351283391304,1.0050611045809283,1.1617590221230187
2026-02-25,370,0,44,0,2.944090799851851,3.5439920673872294,1.0273082657711998,1.1870116758739595
2026-02-26,371,0,44,0,2.8431817401539194,3.3688157405351333,0.9327327271145591,1.1285157001005277
2026-02-27,372,0,44,0,2.2162960546988026,3.1785647431591095,0.9137765912104721,1.0820332243356008
2026-03-02,373,0,44,0,2.1235711574554443,2.416739204473662,0.8705413112461692,1.0151901745126184
2026-03-03,374,0,44,0,2.0857142380305698,2.3956761811239677,0.7820023066717574,0.9339831482368534
2026-03-04,375,0,44,0,2.2855554863258645,2.4747926494531463,0.7578486942122501,0.837679793473092
2026-03-05,376,0,44,0,2.175714186259679,2.64739071316654,0.7084075721009744,0.768790766385979
2026-03-06,377,0,44,0,2.5827998733520507,2.963019464557298,0.7490687508487418,0.9368835333140649
2026-03-08,378,0,44,0,3.056799812316894,3.3573962207806356,0.706976801517992,0.8395803432745471
